filename,name,address,tx_count,balance
1.sol,KittyCore,0x06012c8cf97bead5deae237070f9587f8e7a266d,2325384,163.7835024209779
2.sol,DAO,0xbb9bc244d798123fde783fcc1c72d3bb8c189413,173444,43.080498003858224
3.sol,Fishbank,0xa98ad92a642570b83b369c4eb70efefe638bc895,39611,0.06
4.sol,LANDProxy,0xf87e31492faf9a91b02ee0deaad50d51d56d5d4d,13075,0.0
5.sol,KycToken,0xb57756d92bd170a66b4f361eafbfd13e625372c2,5240,0.0
6.sol,FighterCore,0x87d598064c736dd0c712d329afcfaa0ccc1921a1,4939,2.2236651297453705
7.sol,WarToken,0xda9c03dfd4d137f926c3cf6953cb951832eb08b2,3335,0.0
8.sol,HeroCore,0x8a1190c9a21ccc195a943ec9ee434620461b46b2,3255,2.8308512428221007
9.sol,EggStorage,0xfcad2859f3e602d4cfb9aca35465a618f9009f7b,3079,0.0
10.sol,CryptoLandmarks,0x99474b0a565dd095555636d85803cdca7276b931,2844,0.0
11.sol,ETHero,0x4fece400c0d3db0937162ab44bab34445626ecfe,2219,0.0
12.sol,TulipCore,0x995020804986274763df9deb0296b754f2659ca1,2145,93.80417504506661
13.sol,ChainbreakersItemsERC721,0x0111ac7e9425c891f935c4ce54cf16db7c14b7db,1912,0.0
14.sol,Core,0xa01a45394D98a67Be493bCfc62a308847E6EB7fD,1367,0.16
15.sol,EtherScrolls,0xf15666603540fb9218b85567ee833455cb586dc0,1290,0.011036412099453791
16.sol,FlowerCore,0xffd0b80c0a070cde7a11034fb4cf393637be0a61,1208,0.0
17.sol,SignalToken,0x36f16a0d35b866cdd0f3c3fa39e2ba8f48b099d2,1143,0.0
18.sol,FlowerCore,0x8bc67d00253fd60b1afcce88b78820413139f4c6,1050,0.0
19.sol,PlanetCryptoToken,0x8c55b18e6bb7083b29102e57c34d0c3124c0a952,1012,0.80910568485754
20.sol,Curio,0xc22faf9f506e63e6f4f0088d15e9197b27c77ac7,906,0.0
21.sol,DopeRaiderCore,0x3bcbd2093e991363b98cf0f51d40fecd94a55a0d,896,0.0
22.sol,HashKingsPlanet,0x57cdee8a9658f364553fe89ba200252b00ad05d9,811,0.0
23.sol,CSLottery,0xB487D45F2d2A93b84e8f8C5074e256896bbf7D9c,808,0.804724573618428
24.sol,PixelCons,0x5536b6aadd29eaf0db112bb28046a5fad3761bd4,706,0.0
25.sol,CryptoBeastiesToken,0xffdf17652cca46eb98a214cb3e413c8661241e49,669,0.0
26.sol,CodexRecordProxy,0x8853b05833029e3cf8d3cbb592f9784fa43d2a79,575,0.0
27.sol,KnownOriginDigitalAsset,0xdde2d979e8d39bb8416eafcfc1758f3cab2c9c72,568,0.0
28.sol,AetherCore,0x31d4c5be1082a88f2abafea549b6c189c2cf057f,516,1.975
29.sol,EthergotchiOwnershipV2,0x449f5c827cf7726cc5f181090aa147ca5fb88a40,380,0.0
30.sol,BCFMain,0x6abf810730a342add1374e11f3e97500ee774d1f,334,0.0
31.sol,ITTicket,0x6b31a2ef5986d283332e4a3a608adb3c09ffdd13,334,21.28
32.sol,ExtensionAsset,0xdceaf1652a131F32a821468Dc03A92df0edd86Ea,285,0.0
33.sol,StarCards,0xcddcc63883683a3e6d5537d0b47074c3accc790e,257,0.201
34.sol,Fishbank,0xe8bbf054b788c98d9993be5513254d6b64a1ba97,256,0.09
35.sol,CardMigration,0x6EbeAf8e8E946F0716E6533A6f2cefc83f60e8Ab,252,0.0
36.sol,CryptoLandmarks,0xEB35A696Af4cf2E18203781DB1c7607ADBaBC251,217,0.061044736842105575
37.sol,DragonStorage,0x960f401AED58668ef476eF02B2A2D43B83C261D8,212,0.0
38.sol,Cybercon,0x61B81103e716B611Fff8aF5A5Dc8f37C628efb1E,171,0.0
39.sol,LibraryToken,0x6bE0d2AeA0922e2B198C6c92950bb102dA990342,169,0.04040944744131797
40.sol,CryptoMotors,0x30a2fA3c93Fb9F93D1EFeFfd350c6A6BB62ba000,121,0.0
41.sol,CryptantCrabNFT,0xecd6b4a2f82b0c9fb283a4a8a1ef5adf555f794b,108,0.0
42.sol,ERC721dAppCaps,0x0C15D535F8c21d6f3A03dd46ae23A07e5d897C80,105,0.0
43.sol,CoinGeckoXmas2018NFToken,0xfd98724f1c8a36c7be155cddce51b456eb1eb08d,103,0.0
44.sol,FabgToken,0x6Be9894BB589E7D7656A7805040144bbF157BbAF,99,0.0
45.sol,CryptoBeauty,0x26b5bf54e03bb6d42c27ef4364f72a2bf1eff3d2,90,0.023072313748359812
46.sol,CryptoKaiju,0x102c527714ab7e652630cac7a30abb482b041fd0,77,0.0
47.sol,MortgageManager,0x9abf1295086afa0e49c60e95c437aa400c5333b8,66,0.0
48.sol,MICRODAO,0x25af8d824b3b078a589e47418a95b4388d1552f4,63,5.21851998
49.sol,SuMain,0xe9e3f9cfc1a64dfca53614a0182cfad56c10624f,62,0.0
50.sol,ShamelessPromoToken,0xebc8b98193782d61a4a54bbb2ec5138e4b5e40c5,60,0.0
51.sol,FlowerCore,0x6a2b112e5314a3462a3df18c0b73a2de14fd6b06,58,0.0
52.sol,ImpItem,0xf766b3e7073f5a6483e27de20ea6f59b30b28f87,56,0.0
53.sol,Document,0x862Adb061A28dF5b314Bd7753E5caCa27De94509,54,0.0
54.sol,Jingle,0x5af7af54e8bc34b293e356ef11fffe51d6f9ae78,46,0.0
55.sol,ERC721Pumpkin,0x064ac3656da6861905a7ed68a0a03d88706a5d02,39,0.0
56.sol,Jingle,0x5b6660ca047cc351bfedca4fc864d0a88f551485,39,0.0
57.sol,Nifties,0xf9b6e3e9ae83dcadd2bdd422fa810ffd34492264,33,0.0
58.sol,HashLand,0x74723561089ad53f8dc166bdf14955ed9bb7e37e,32,0.0
59.sol,Certificates,0x585b28d86e15ca772b322fcbfbc7dadb91e497fe,31,0.0
60.sol,EtheremonAdventureItem,0xbfde6246df72d3ca86419628cac46a9d2b60393c,30,0.0
61.sol,CSCNFTFactory,0x4d3814d4da8083b41861dec2f45b4840e8b72d68,27,0.0
62.sol,BMBYToken,0xf97187f566eC6374cB08470CCe593fF0Dd36d8A9,27,0.267
63.sol,InterfaceToken,0x7f737b66921d18b008dc9c3a9b933a3bf559f1bc,24,0.0
64.sol,Mokens,0xaaf401585b72c678afc09036510d3ef759bdaf7e,24,0.125
65.sol,CCNFTFactory,0x69b47e2bc52fa28fef7bae5a89a0421126bd56c9,23,0.0
66.sol,GenesisBadge,0x7f188ae034f8cca9d5f6a03d35fa02302060df82,19,0.0
67.sol,Nfties,0x4646Dea7e251fefd74e3FAC63c63BE6e6Efc721c,17,0.0
68.sol,SuMain,0xe264d16bcba50925d0e1a90398596ec010306e14,17,1.0
69.sol,CubegonNFT,0x4bd6a870c71a36d06d03f0b5fb6cac012ca13397,16,0.0
70.sol,PlanetCryptoToken,0x003Ad9c18BC279f40632E7e5De2fd213931215d0,15,0.0
71.sol,ETHAccess,0x499b08a56d921ddf932bc78fe882134c4a1b0b87,14,1.2
72.sol,EtherScrolls,0x992d6d699d3f7c627a9be1a5f6020a05ecb86200,14,0.0
73.sol,ENSNFT,0xb52511f49f3ed76ad1f77998985ee452f29ba0fd,13,0.0
74.sol,Bloccelerator,0xF4d9000456bC1E8922A18f3D58c1036aA1Afbbc2,13,0.0
75.sol,SuMain,0x6731560e455537c9f088ea02a47a0ecfa28a9231,12,0.0
76.sol,MintableNonFungibleToken,0x246fc23e1c0dff674283582b2c71c492f47ab62c,11,0.0
77.sol,GanTokenMain,0x043bbf1af93df1220dacc94b9ca58b789bf20dc3,11,0.0
78.sol,WarshipMain,0x6e67e6baa0c2176435eb036c1f17fbca216d8f39,11,0.0
79.sol,CryptoBeastiesToken,0x3347521c33bcb5f60a03bb8505a2ad7693342a77,11,0.0
80.sol,CryptoMus,0xb628c2398b1a00659b69111bc98760d311cf156a,11,0.0
81.sol,SuperToken,0x826bfd7c76625d9d28f5465dd1dd31a67c676332,10,0.0
82.sol,KnownOriginDigitalAsset,0xb77e25acbf8e75a91bf468120c5789534a4dce52,10,0.0
83.sol,LANDRegistry,0x036570162bc64a4e1201f1ba4a3fcd87e35b0b2f,10,0.0
84.sol,EtheremonAdventureItem,0x6b0a768e6a4c3ca41417c8eabdeef36dcadba25d,8,0.0
85.sol,TombCore,0x0c01d1a41f21863c194c8e948054f8e3a433c424,7,0.0
86.sol,Heroes,0xd2bae9a30a40376d25353773010ffe52dba0d688,7,0.04543442
87.sol,AviationSecurityToken,0x8825026b162401cc50f2a614a1c2354aa59e8496,7,0.0
88.sol,SmartTixToken,0xb1422af43e0ecf70b91ce33c9ca1e8c22721125c,7,0.0
89.sol,ASKey,0xc1f33de2e940b4721b12b87f9a72966f5624239f,7,0.0
90.sol,EtheremonAdventureItem,0x8b063485c2e7d18519b4d2227ec35dc761cc25df,7,0.0
91.sol,EveryDappToken,0x6ce8fb3149d5186d7021a48430a7c7d49ce4455a,6,0.0
92.sol,AtomToken,0x4802b4858e22a91a4edbfa1c1a639c70801d02e5,5,0.0
93.sol,Token,0xa6dda780878d48853fe6cd96c7c1ebeaed7bfa01,5,0.0
94.sol,FishbankBoosters,0x37c7d59a4f5af2dbd9bdf822aeed0ce08c6e0b62,5,0.0
95.sol,GladiEther,0xbd6a3418cb51418c94cc11d2d49012a2b79e10fe,5,0.01
96.sol,Collectables,0x7910254cee5cb6bdcefd9b8ece1d0e59b6daa1d7,5,0.0
97.sol,DragonsETH,0x34887b4e8fe85b20ae9012d071412afe702c9409,5,0.0
98.sol,FishbankBoosters,0xf15f61643eea73be40ad9b72c09ed381fac7a256,4,0.0
99.sol,EtheremonAdventureItem,0x0e6e19549a89c9bec84b5b632cd1674f8e066d06,4,0.0
100.sol,EtheremonAdventureItem,0x08c81a23cb8f9034a78dd41d7bbcf1a40482c2b7,3,0.0
101.sol,CryptoCaps,0x886fD5E16D39e062a38C4CBf7c39f65FBe4CFd4D,3,0.0
102.sol,CryptoLand,0x0c7cabc5d47b638918f51458215eef0ac8c64358,3,0.0
103.sol,NFTokenMetadataEnumerableMock,0xf176d7bcdd07f8e474877095870685ef0ccccb2d,3,0.0
104.sol,lettertoken205,0xe9c0ba5f6bf0b49d479eca9d9c4cd5c0d809cf54,3,0.0
105.sol,CryptoGiftToken,0x970e90db5bfd3e4dea453fb061e1146ee3e23df8,3,0.0
106.sol,CountryERC721,0xe49f05fd6dec46660221a1c1255ffe335bc7fa7a,3,0.0
107.sol,ERC721,0xF42ED50058b88A063F8BB4060FA6dc269D90B5b9,2,0.0
108.sol,ERC721,0x1b3237BdFE285fA01b9a01c6D0f66B10805E6092,2,0.0
109.sol,WallOfChainToken,0xf9d9702d031407f425a4412682fdc56b07d05262,2,0.0
110.sol,ELHeroToken,0x1343a86d1837fa3b15d2a3349e48fbcb3d970a88,2,0.0
111.sol,SuperFan,0xf02a89db8d65a7bb8712996d63779f4731257b18,2,2.0e-07
112.sol,HLPMTToken,0x024008f43b1956e111cdb88a76b517cb4b241c7e,2,0.0
113.sol,ChildArt,0x706163a2ccfdf9b851830954a64a21a4987edd36,2,0.0
114.sol,BTCCtoken,0xb3da32ef683ab630f139ef0353896c8e9529781e,2,0.0
115.sol,RaceToken,0x5ad89bb4f55a33320e076068636ed7314cd2922c,2,0.0
116.sol,CodexRecord,0x2c00a92a9c5c919a1a4b5a8ee6bc520f61dbe421,2,0.0
117.sol,WarToken,0x0f4586b20fd52323fd18c4e6e376f724e0e7cad3,2,0.0
118.sol,ERC721,0xc036f5b094Fec00350AE8294a0C99198e31FA8d3,2,0.0
119.sol,IMP721,0xc1e23296d21d5abde659d8265ca986ac0e6af995,1,0.0
120.sol,CryptoLand,0xa527d8c4918f15d755ecbc7f68560f1ec73a19d3,1,0.0
121.sol,CryptoLand,0x49e3054e9e38ad930d28987f6f625395c4fc9ed1,1,0.0
122.sol,CryptoLand,0x35066c552cfa9f892b4c768f87c5bbc6bd2547e1,1,0.0
123.sol,CryptoCopycats,0x9b6924fe9efc622b488fa4ec71eddbc914efb29f,1,0.0
124.sol,Collectables,0xa5e5be69c923c701ae6ac8f1f5936af3ae610c68,1,0.0
125.sol,AviationSecurityToken,0x2417692c322dbd461d2410e36dec83d936f26bea,1,0.0
126.sol,Chaingear,0x03feb619d954c2ba6f50b649b8056a09c18a6577,1,0.0
127.sol,TTTSan,0x799946d6B94394F3859dad6b66B7fb60E6Cd899A,1,0.0
128.sol,,0x3eabd96bb1db0c78261858e5a3d94425471238ab,,
129.sol,,0x3fa9bdcbd17bd75d1dec10d52c65f41503e344f2,,
130.sol,,0x15820072729d045ec5232ba3bd060ec5df38e09a,,
131.sol,,0x25aa20f3e1d9ebf251e3626876802f571cb9cbdd,,
132.sol,,0xd06f2a2feaf5d7d3e83faf06cc275294cebdf14d,,
133.sol,,0xdbbe7e0db7c8819925843f73a03c94b495fbaa9a,,
134.sol,,0x8a8ec4cedf933dc983724c235fd4f4754ffbe6fc,,
135.sol,,0x05ae2edfb986e3a8c3a5887dff69d46c665fec9d,,
136.sol,,0x0ef97822407e52bd3d3304cd954623255574d27c,,
137.sol,,0x03b1f92fa0977891cb4bdf69c0b3ad14d6119294,,
138.sol,,0xcc4defd34fc7c72afe3750bb01f80600cf4facb7,,
139.sol,,0x40b41a2d4c5fb2da3e08b0a1bbd361b5dd1f7bdd,,
140.sol,,0xf354d96542dab21c71b7a100b7ba9bbd56fd9f77,,
141.sol,,0x48aa6ac10d9d08a65309690642f7fd1713ba1752,,
142.sol,,0xbbab7770066b2a3ae4862c2892e672e8adaf428e,,
143.sol,,0x25073d89644d3b033f422949e70064c60fa05c3c,,
144.sol,,0x74bbed9bd87e339ad23b52ba8dd91b4cd216d080,,
145.sol,,0x586bd269d48e98f53bc4f4895c7850402d16e35d,,
146.sol,,0xcef41878db032586c835ee0890484399402a64f6,,
147.sol,,0xce2a2a0e723a3c4ab225eda39bea1b64a8804784,,
148.sol,,0xb0106ec91d80627baffecfb43797bf8d0f2dd54d,,
149.sol,,0x953d066d809dc71b8809dafb8fb55b01bc23a6e0,,
150.sol,,0x5888345b59b217cf76d30db57d435e0a3b19fed1,,
151.sol,,0x52a9700551128585f0d68b6d4d2fa322a2aeee47,,
152.sol,,0x1bbc9c79e7bdfd5a384e1121d169cf89e59d170b,,
153.sol,,0x07425CEB890130497B0680FF878233F2dc15fd9B,,
154.sol,,0x44cfe3cb995f6a28855a21a960bce9d595f9434f,,
155.sol,,0x15affbd9dc1bd70a931af89ce681518217c6c76b,,
156.sol,,0xf290d6422c64222dabe98c5f4acd646acab6f81f,,
157.sol,,0xe3f2f807ba194ea0221b9109fb14da600c9e1eb6,,
158.sol,,0x18a60cc53101d8aae343acc9357d347bc79c6549,,
159.sol,,0xb6949e1bcb814cb8ac795e57518b9b89e106c86f,,
160.sol,,0xe2ca03dff1101b8fcf0551e2f398bf743153a446,,
161.sol,,0x68c403abcf94a0a482b33238d9f9eba49f507c1e,,
162.sol,,0x58566f22c885d0d5a8f56f9a81a3765bc93c6c4e,,
163.sol,,0x7012a5ada4cee1d0bfb9f93d0f4ced094d6e8577,,
164.sol,,0xb763dd5cf99b56a75f4ff8809d5afb162b01430c,,
165.sol,,0x3b9cb1541f67ee45ead2198362a2a4538f37ba24,,
166.sol,,0xDb52DE58841caBf0D06adE89B6da4761E70A293f,,
167.sol,,0xaE42410C62e8254429E0fA06a4f965ee7D123EB5,,
168.sol,,0xb80776700778e7415da08ef65fa389f75737fb95,,
169.sol,,0x388f220698e807f8ead96755763c04341eacd016,,
170.sol,,0x534ccee849a688581d1b0c65e7ff317ed10c5ed3,,
171.sol,,0x16093acd98380bcf3621977ec0f06575ecadc32a,,
172.sol,,0xa046a559c8aceebd24ceb54e4c0cd310347e97d2,,
173.sol,,0xe7049a081f67f1ff4bdbdbf4c48c547d24c48f41,,
174.sol,,0xfbeef911dc5821886e1dda71586d90ed28174b7d,,
175.sol,,0x05dbbe4baed86d9b1da83e67dea6326e2617dad2,,
176.sol,,0x86e4dc25259ee2191cd8ae40e1865b9f0319646c,,
177.sol,,0x5c7b19f83ac93d8268da02cc06cb61089d6d952a,,
178.sol,,0xdf5d68d54433661b1e5e90a547237ffb0adf6ec2,,
179.sol,,0x5e03da98f8257a9e0c64b3ae430aa870725dcf97,,
180.sol,,0x7c523c42AD255E5b270B12fEE2Ecc1103e88a9dC,,
181.sol,,0x6f3d1879cd84fa1a7eec7fe936af6a84b67f4567,,
182.sol,,0x5caebd3b32e210e85ce3e9d51638b9c445481567,,
183.sol,,0x273f7f8e6489682df756151f5525576e322d51a3,,
184.sol,,0x3a1957a0b9755d78c77e301410b254b6147a400c,,
185.sol,,0x959e104e1a4db6317fa58f8295f586e1a978c297,,
186.sol,,0x5d00d312e171be5342067c09bae883f9bcb2003b,,
187.sol,,0x84ac94f17622241f313511b629e5e98f489ad6e4,,
188.sol,,0x8c9b261faef3b3c2e64ab5e58e04615f8c788099,,
189.sol,,0x1b2ced22e089d752d2c27e90d95599a7a9699774,,
